rank,y,x,sector,beta,alpha_intercept,T,p_calibrated,half_life,half_life_lo,half_life_hi,stationary_sd,edge_bps_per_day,beta_rel_change,adf_p_half1,adf_p_half2,corr,oos_sd_ratio,oos_mean_shift_sd,oos_ar1_b,oos_adf_p,oos_half_life
1.0,CRM,ADBE,Information Technology,0.7268191597067736,1.0274048607839936,-4.3041371630502105,0.01503369621565578,26.284510759404405,17.288729976579628,54.00370259458343,0.08502887390480887,22.42291087431329,0.20551660213116518,0.0849840397204733,0.029712634858647564,0.5147672521697316,0.8957651913474358,0.5444351266372381,0.9771108633212123,0.7500761083415548,94.7530476744183
2.0,UAL,LUV,Industrials,0.6833981784502834,1.5718353686633817,-3.874037897394937,0.042612752721617415,33.45472353538473,21.00207684235943,80.75562895070583,0.10052147062134291,20.82700634881272,0.35325449106908763,0.033658286514125106,0.03828224089038628,0.6718717748137855,1.277588496995159,1.719830656269444,0.9935879801958426,0.7989218586528091,
3.0,FDX,UAL,Industrials,0.633913935394985,2.5168652994819434,-3.929507078704726,0.03618455158113012,32.072523879847985,20.2773250180173,75.37111786993216,0.08427485343131082,18.213370817604826,0.33043567548007335,0.08629214923891881,0.021859315031664547,0.39928917201078773,1.3216300212863064,0.7796933719691788,0.9831506111998751,0.44631936170306297,588.5830220893554
4.0,AMAT,MU,Information Technology,0.4513322551396344,1.5201320335855095,-4.293066814283264,0.015137376879212027,29.57367038886031,18.53196882751108,71.7134090510143,0.07370685392489794,17.27539981145898,0.11970108367730387,8.920868518156515e-05,0.29271088915177046,0.4965765330910329,2.0275839989639755,7.586823246701343,0.9837611336775244,0.20462096540565106,1239.2528455222566
5.0,MCK,VTRS,Health Care,0.9813228655300221,1.3652646715848946,-3.959318541487709,0.034007257646448935,34.25093428533901,21.654730757941287,80.57448113038386,0.08509060989829946,17.22006058339225,0.1046210297990786,0.09567657680065889,0.036521208735298884,0.4874284839180509,1.2857328704714077,0.7132565271094824,0.9647056511559019,0.23677408425621488,34.58647479380426
6.0,MCO,BLK,Financials,1.3981762420643855,-3.573654663238085,-3.8986545921185245,0.040228097459823746,42.13976958543677,26.47306841743499,101.80961505006806,0.10114917131478067,16.637789812938397,0.2003637837565494,0.039526712807481885,0.1843477158658985,0.6323796931643025,0.6380290366485724,0.3582942835844725,0.9879751233861089,0.7650600891447795,
7.0,CSCO,ADI,Information Technology,0.9413679766732258,-0.5230968948109013,-4.013131435846272,0.029548989113530325,32.634750742037745,20.778587287725376,74.8096524791417,0.07664769087759743,16.279619001287806,0.15139186386411616,0.07524911194239371,0.058792375912151404,0.4928185883532065,0.7763374311250072,0.47775165296188066,0.982384789725065,0.6835960454666046,354.76752742712284
8.0,IVZ,TROW,Financials,1.5132283069108843,-2.985514095907407,-4.183352244854933,0.020010368066355623,25.972852148236278,17.145512952307286,52.776419894507335,0.05954827881392451,15.891870993410391,0.10776780469531069,0.02129952733445144,0.11101935239171656,0.8241234933650328,1.5771541018637356,1.364756287143976,0.9854533058012434,0.26027147660434313,
9.0,EL,BF-B,Consumer Staples,0.6988033631549984,1.198294203796399,-4.494165491906989,0.009020217729393468,29.62372977334583,19.451907319577163,61.28210436041264,0.06531948015012248,15.283697849025122,0.28216081942760934,0.003370512314695384,0.21165571115909682,0.4764285770481894,0.7671945291643036,1.5748326185735393,0.9836299390451926,0.683442192587825,1001.417186884487
10.0,MCHP,TEL,Information Technology,0.5915178424829869,1.3599120225431247,-4.640297264827193,0.0052877138413685845,22.512165969713205,15.247287187783105,42.4422439235533,0.049609897587644364,15.274834366007207,0.43365823563721534,0.04750217653464529,0.0022575125331443227,0.6182146585569746,2.4978735958142853,4.023986430182861,0.9917865972569664,0.6643652888820358,
11.0,DHR,HSIC,Health Care,0.8021068934286663,0.49308107416780295,-5.202178640893138,0.0008294453084499741,13.945221090671767,10.148372603483644,22.040917283358453,0.03064987324040874,15.234518752320207,0.021648411516238805,0.0157879075487413,0.0001588101739582983,0.6790393899231422,7.448690605963657,5.384558929435738,0.9954862426908998,0.8560878063053218,
12.0,ADI,APH,Information Technology,0.6918873562816432,1.2642336930456535,-4.0141729674177045,0.029341627786417832,23.52623448099905,15.793360856993715,45.47583805591547,0.051603612266069875,15.203834841408076,0.21032637292219428,0.0016820169045303264,0.10460608723268366,0.6160959138659561,0.9976081477191401,0.38481754574143257,0.9843024602539794,0.7224166612117167,60805.525110136514
13.0,GM,F,Consumer Discretionary,0.9726551021944833,0.8642702401754502,-4.1053886267008535,0.023742871954380507,28.20983672858641,18.208474522599253,61.58750698633825,0.061864836921442005,15.200881061620775,0.4299629961572686,0.04647024611879923,0.13166740772903884,0.7149120569747737,1.35347077817259,1.578378747271682,0.9989731030544242,0.9470676019043079,
14.0,EL,KMB,Consumer Staples,0.7675870135296132,0.7664049860482157,-4.166926286815428,0.020321410057024366,31.638691791404394,20.35432840551541,69.9573868261982,0.06895512876247596,15.106836086011446,0.07719888170472619,0.012668091062656492,0.1879037801288591,0.43673748677496127,0.5459963471359998,0.011591046516224366,0.9625270385015957,0.20162800148771876,31.093013999516447
15.0,PH,PCAR,Industrials,0.8739840808116801,1.1765803056281487,-4.920945506200378,0.002073613271124935,23.844847703585845,16.433243413454264,42.97734137654989,0.05169457031776344,15.02712288685621,0.05945120053366279,0.001958417212733936,0.034962589142929976,0.7023207123842192,0.9631866034127455,1.205521142070546,0.9810838325439054,0.41773476592015046,211.73225022151254
16.0,PH,RTX,Industrials,1.0161938279142393,-0.016976233461312846,-4.47845200493972,0.009642301710730949,24.5682842558255,16.410500316646836,48.19502897780378,0.05161125896834452,14.56113022242268,0.09630543547667017,0.02472968556351105,0.03525676430246145,0.700853653697029,1.3807166007004255,1.509288669082939,0.9834329316033793,0.5310163484176178,777.3523554488601
17.0,SYK,UHS,Health Care,0.570738749789109,1.7928497617577677,-4.283382694158826,0.01565578019699326,24.024998151455108,16.065811291912695,46.96327773144249,0.04940493455571668,14.25385795127295,0.00032812446134360536,0.00817086825847524,0.05880786231261141,0.4916096731621179,1.4258453359976775,3.674538228156901,0.9796106960887946,0.41088789388541086,145.30235893272038
18.0,C,GS,Financials,0.9314552157141955,-0.8693650948511521,-4.1288380223966525,0.022602384655261792,28.904265695435353,18.679158595768023,62.87832483801865,0.058816860708206374,14.104748966419374,0.6754906428253457,0.011238591605740337,0.1279224544246489,0.801469542053764,0.7156018850344339,1.3316592146079214,0.972329583286845,0.4130341821055302,56.810964293857225
19.0,HON,DAL,Industrials,0.4166640248440964,3.0284978807677265,-4.357104895114888,0.013063763608087092,30.714741141021797,20.18368848166094,63.41938168619745,0.06218491683325651,14.03342439984259,0.5519679480295977,0.03364867219992995,0.014838034590957429,0.4301292390497434,1.2761528833306928,2.0852377190461024,0.9840620501191679,0.3475802650612566,2721.3838100646503
20.0,EL,MKC,Consumer Staples,0.9407776504790654,0.28764013860475635,-3.9552533940872423,0.03411093831000518,35.849810702118994,22.61016659267127,85.15518872582334,0.07215809674375406,13.95158867869519,0.15346982265248552,0.05162115140458887,0.04723794209397935,0.48119157174731086,0.8613236570163693,1.3099997750132237,0.9807265596075955,0.5669631362492579,190.60967899966482
